viral,ad,weekly,2018-02-08--2018-02-08
viral,ad,weekly,2018-04-19--2018-04-19
>>>>>>
>>>>>>
>>>>>>
>>>>>>
viral,be,weekly,2018-01-04--2018-01-04
>>>>>>
>>>>>>
viral,bo,weekly,2017-11-09--2017-11-09
>>>>>>
viral,br,weekly,2018-01-04--2018-01-04
viral,br,weekly,2018-01-11--2018-01-11
>>>>>>
>>>>>>
>>>>>>
viral,cl,weekly,2017-04-20--2017-04-20
viral,cl,weekly,2017-11-09--2017-11-09
viral,cl,weekly,2018-04-05--2018-04-05
>>>>>>
>>>>>>
viral,cr,weekly,2017-11-09--2017-11-09
>>>>>>
>>>>>>
>>>>>>
viral,de,weekly,2017-06-08--2017-06-08
>>>>>>
>>>>>>
viral,do,weekly,2017-01-19--2017-01-19
>>>>>>
>>>>>>
>>>>>>
>>>>>>
>>>>>>
viral,fr,weekly,2017-06-29--2017-06-29
>>>>>>
>>>>>>
>>>>>>
>>>>>>
>>>>>>
>>>>>>
viral,hn,weekly,2017-07-13--2017-07-13
>>>>>>
>>>>>>
>>>>>>
>>>>>>
>>>>>>
>>>>>>
viral,it,weekly,2018-10-25--2018-10-25
viral,it,weekly,2018-11-01--2018-11-01
>>>>>>
>>>>>>
>>>>>>
>>>>>>
>>>>>>
>>>>>>
>>>>>>
>>>>>>
>>>>>>
viral,my,weekly,2017-06-22--2017-06-22
>>>>>>
>>>>>>
>>>>>>
>>>>>>
>>>>>>
>>>>>>
viral,pe,weekly,2017-09-28--2017-09-28
viral,pe,weekly,2017-10-05--2017-10-05
>>>>>>
>>>>>>
>>>>>>
viral,pt,weekly,2017-04-20--2017-04-20
>>>>>>
viral,py,weekly,2017-11-09--2017-11-09
>>>>>>
>>>>>>
viral,se,weekly,2017-07-27--2017-07-27
>>>>>>
viral,sg,weekly,2017-06-22--2017-06-22
>>>>>>
>>>>>>
>>>>>>
>>>>>>
>>>>>>
>>>>>>
>>>>>>
>>>>>>
viral,vn,weekly,2018-03-15--2018-03-15
viral,vn,weekly,2018-03-22--2018-03-22
viral,vn,weekly,2018-04-05--2018-04-05
viral,vn,weekly,2018-05-17--2018-05-17
viral,vn,weekly,2018-05-31--2018-05-31
viral,vn,weekly,2018-06-07--2018-06-07
viral,vn,weekly,2018-06-14--2018-06-14
>>>>>>
>>>>>>
>>>>>>
>>>>>>
>>>>>>
>>>>>>
>>>>>>
>>>>>>
>>>>>>
>>>>>>
>>>>>>
>>>>>>
>>>>>>
>>>>>>
>>>>>>
>>>>>>
>>>>>>
>>>>>>
>>>>>>
>>>>>>
>>>>>>
>>>>>>
>>>>>>
>>>>>>
>>>>>>
>>>>>>
>>>>>>
>>>>>>
>>>>>>
>>>>>>
>>>>>>
>>>>>>
>>>>>>
>>>>>>
>>>>>>
>>>>>>
>>>>>>
>>>>>>
>>>>>>
>>>>>>
>>>>>>
>>>>>>
>>>>>>
>>>>>>
>>>>>>
>>>>>>
>>>>>>
>>>>>>
>>>>>>
>>>>>>
>>>>>>
>>>>>>
>>>>>>
>>>>>>
>>>>>>
>>>>>>
>>>>>>
>>>>>>
>>>>>>
>>>>>>
>>>>>>
>>>>>>
>>>>>>
>>>>>>
>>>>>>
>>>>>>
